,model,RMSE,MAPE
0,ARIMA,2.247846655924602,0.009657146383194442
1,LinearRegression,2.263860051728316,0.009871475783051132
2,XGBoost,2.6533387403924062,0.011393736136296396
3,RandomForest,2.8272071769992793,0.012361017857978707
4,KNN,2.895485607781693,0.013798931280799367
5,SVM,3.5317696680899964,0.016334010200559787
6,LSTM,4.555051842795066,0.020982531389896586
7,FBProphet,15.750983219307304,0.0879084605449851
